<?xml version="1.0" encoding="UTF-8"?>
<GenRun Id="impl_1" LaunchPart="xc7a200tfbg676-2" LaunchTime="1606783929">
  <File Type="PA-TCL" Name="ram.tcl"/>
  <File Type="REPORTS-TCL" Name="ram_reports.tcl"/>
  <File Type="BITSTR-MSK" Name="ram.msk"/>
  <File Type="RDI-RDI" Name="ram.vdi"/>
  <File Type="BG-BIT" Name="ram.bit"/>
  <File Type="BG-DRC" Name="ram.drc"/>
  <File Type="BG-BGN" Name="ram.bgn"/>
  <File Type="BG-BIN" Name="ram.bin"/>
  <File Type="BITSTR-RBT" Name="ram.rbt"/>
  <File Type="BITSTR-NKY" Name="ram.nky"/>
  <File Type="BITSTR-BMM" Name="ram_bd.bmm"/>
  <File Type="BITSTR-MMI" Name="ram.mmi"/>
  <File Type="BITSTR-SYSDEF" Name="ram.sysdef"/>
  <File Type="BITSTR-LTX" Name="debug_nets.ltx"/>
  <File Type="BITSTR-LTX" Name="ram.ltx"/>
  <File Type="WBT-USG" Name="usage_statistics_webtalk.html"/>
  <File Type="OPT-HWDEF" Name="ram.hwdef"/>
  <File Type="PLACE-PRE-SIMILARITY" Name="ram_incremental_reuse_pre_placed.rpt"/>
  <File Type="ROUTE-DCP" Name="ram_routed.dcp"/>
  <File Type="ROUTE-ERROR-DCP" Name="ram_routed_error.dcp"/>
  <File Type="ROUTE-BLACKBOX-DCP" Name="ram_routed_bb.dcp"/>
  <File Type="ROUTE-TIMING-PB" Name="ram_timing_summary_routed.pb"/>
  <File Type="OPT-DCP" Name="ram_opt.dcp"/>
  <File Type="PLACE-DCP" Name="ram_placed.dcp"/>
  <File Type="PWROPT-DCP" Name="ram_pwropt.dcp"/>
  <File Type="POSTPLACE-PWROPT-DCP" Name="ram_postplace_pwropt.dcp"/>
  <File Type="PHYSOPT-DCP" Name="ram_physopt.dcp"/>
  <File Type="POSTROUTE-PHYSOPT-DCP" Name="ram_postroute_physopt.dcp"/>
  <File Type="POSTROUTE-PHYSOPT-BLACKBOX-DCP" Name="ram_postroute_physopt_bb.dcp"/>
  <File Type="PDI-FILE" Name="ram.pdi"/>
  <File Type="RCFI_FILE" Name="ram.rcfi"/>
  <File Type="CFI_FILE" Name="ram.cfi"/>
  <File Type="RNPI_FILE" Name="ram.rnpi"/>
  <File Type="NPI_FILE" Name="ram.npi"/>
  <File Type="RBD_FILE" Name="ram.rbd"/>
  <FileSet Name="sources" Type="DesignSrcs" RelSrcDir="$PSRCDIR/sources_1" RelGenDir="$PGENDIR/sources_1">
    <Filter Type="Srcs"/>
    <File Path="$PSRCDIR/sources_1/imports/4_blockram/ram.v">
      <FileInfo>
        <Attr Name="ImportPath" Val="$PPRDIR/../../../../../../../../examples/4_blockram/ram.v"/>
        <Attr Name="ImportTime" Val="1606767562"/>
        <Attr Name="UsedIn" Val="synthesis"/>
        <Attr Name="UsedIn" Val="implementation"/>
        <Attr Name="UsedIn" Val="simulation"/>
      </FileInfo>
    </File>
    <File Path="$PSRCDIR/sources_1/imports/4_blockram/record_play.v">
      <FileInfo>
        <Attr Name="AutoDisabled" Val="1"/>
        <Attr Name="ImportPath" Val="$PPRDIR/../../../../../../../../examples/4_blockram/record_play.v"/>
        <Attr Name="ImportTime" Val="1606767567"/>
        <Attr Name="UsedIn" Val="synthesis"/>
        <Attr Name="UsedIn" Val="implementation"/>
        <Attr Name="UsedIn" Val="simulation"/>
      </FileInfo>
    </File>
    <File Path="$PSRCDIR/sources_1/imports/4_blockram/simpler_ram.v">
      <FileInfo>
        <Attr Name="AutoDisabled" Val="1"/>
        <Attr Name="ImportPath" Val="$PPRDIR/../../../../../../../../examples/4_blockram/simpler_ram.v"/>
        <Attr Name="ImportTime" Val="1606767554"/>
        <Attr Name="UsedIn" Val="synthesis"/>
        <Attr Name="UsedIn" Val="implementation"/>
        <Attr Name="UsedIn" Val="simulation"/>
      </FileInfo>
    </File>
    <Config>
      <Option Name="DesignMode" Val="RTL"/>
      <Option Name="TopModule" Val="ram"/>
    </Config>
  </FileSet>
  <FileSet Name="constrs_in" Type="Constrs" RelSrcDir="$PSRCDIR/constrs_1">
    <Filter Type="Constrs"/>
    <File Path="$PSRCDIR/constrs_1/new/tutorial4.xdc">
      <FileInfo>
        <Attr Name="ImportPath" Val="D:/ESL/tutorial4_2/tutorial4_2.srcs/constrs_1/new/tutorial4.xdc"/>
        <Attr Name="ImportTime" Val="1606781985"/>
        <Attr Name="UsedIn" Val="synthesis"/>
        <Attr Name="UsedIn" Val="implementation"/>
      </FileInfo>
    </File>
    <Config>
      <Option Name="TargetConstrsFile" Val="$PSRCDIR/constrs_1/new/tutorial4.xdc"/>
      <Option Name="ConstrsType" Val="XDC"/>
    </Config>
  </FileSet>
  <FileSet Name="utils" Type="Utils" RelSrcDir="$PSRCDIR/utils_1">
    <Filter Type="Utils"/>
    <Config>
      <Option Name="TopAutoSet" Val="TRUE"/>
    </Config>
  </FileSet>
  <Strategy Version="1" Minor="2">
    <StratHandle Name="Vivado Implementation Defaults" Flow="Vivado Implementation 2020"/>
    <Step Id="init_design"/>
    <Step Id="opt_design"/>
    <Step Id="power_opt_design"/>
    <Step Id="place_design"/>
    <Step Id="post_place_power_opt_design"/>
    <Step Id="phys_opt_design"/>
    <Step Id="route_design"/>
    <Step Id="post_route_phys_opt_design"/>
    <Step Id="write_bitstream"/>
    <Step Id="write_device_image"/>
  </Strategy>
</GenRun>
